event_ticker,fee_cost,market_result,no_count_fp,no_total_cost_dollars,revenue,settled_time,ticker,value,yes_count_fp,yes_total_cost_dollars
KXGOLDD-26JUL0217,0.066400,yes,5.00,0.550000,0,2026-07-03T02:00:54.662762Z,KXGOLDD-26JUL0217-T4065,100,5.00,4.490000
KXGOLDD-26JUL0217,0.063900,no,5.00,3.800000,500,2026-07-03T02:00:54.662624Z,KXGOLDD-26JUL0217-T4155,0,0.00,0.000000
KXGOLDD-26JUL0217,0.065300,no,4.00,2.520000,400,2026-07-03T02:00:54.662624Z,KXGOLDD-26JUL0217-T4145,0,0.00,0.000000
KXGOLDD-26JUL0217,0.066700,no,4.00,2.440000,400,2026-07-03T02:00:54.662624Z,KXGOLDD-26JUL0217-T4135,0,0.00,0.000000
KXGOLDD-26JUL0217,0.031100,yes,0.00,0.000000,300,2026-07-03T02:00:54.662624Z,KXGOLDD-26JUL0217-T4085,100,3.00,2.459000
KXGOLDD-26JUL0217,0.041400,yes,0.00,0.000000,400,2026-07-03T02:00:54.662624Z,KXGOLDD-26JUL0217-T4075,100,4.00,3.280000
KXGOLDD-26JUL0217,0.027600,yes,0.00,0.000000,500,2026-07-03T02:00:54.662624Z,KXGOLDD-26JUL0217-T4055,100,5.00,4.570000
KXGOLDD-26JUL0117,0.021500,no,3.00,2.730000,0,2026-07-01T22:10:38.438832Z,KXGOLDD-26JUL0117-T4129,0,3.00,0.060000
KXGOLDD-26JUL0117,0.027400,no,2.00,1.580000,0,2026-07-01T22:10:38.438832Z,KXGOLDD-26JUL0117-T4109,0,2.00,0.060000
KXGOLDD-26JUL0117,0.016400,no,1.00,0.690000,0,2026-07-01T22:10:38.438832Z,KXGOLDD-26JUL0117-T4099,0,1.00,0.020000
KXGOLDD-26JUL0117,0.032000,no,2.00,1.620000,0,2026-07-01T22:10:38.438832Z,KXGOLDD-26JUL0117-T4089,0,2.00,0.160000
KXGOLDD-26JUL0117,0.027200,no,1.00,0.650000,0,2026-07-01T22:10:38.438832Z,KXGOLDD-26JUL0117-T4079,0,1.00,0.200000
KXGOLDD-26JUL0117,0.054800,no,2.00,1.000000,0,2026-07-01T22:10:38.438832Z,KXGOLDD-26JUL0117-T4059,0,2.00,1.660000
KXGOLDD-26JUL0117,0.061000,no,3.00,1.980000,200,2026-07-01T22:10:38.438571Z,KXGOLDD-26JUL0117-T4069,0,1.00,0.720000
KXGOLDD-26JUL0117,0.091700,no,6.00,4.320000,300,2026-07-01T22:10:38.438571Z,KXGOLDD-26JUL0117-T4049,0,3.00,2.670000
KXGOLDD-26JUL0117,0.196900,no,15.00,11.250000,1500,2026-07-01T22:10:38.438571Z,KXGOLDD-26JUL0117-T4039,0,0.00,0.000000
KXGOLDD-26JUL0117,0.210300,yes,6.00,2.340000,1000,2026-07-01T22:10:38.438571Z,KXGOLDD-26JUL0117-T4029,100,16.00,13.840000
KXWTI-26JUN3014,0.010900,no,1.00,0.840000,0,2026-07-01T17:01:00.840069Z,KXWTI-26JUN3014-T71.99,0,1.00,0.020000
KXWTI-26JUN3014,0.027600,no,1.00,0.430000,0,2026-07-01T17:01:00.840069Z,KXWTI-26JUN3014-T69.99,0,1.00,0.820000
KXBRENTD-26JUN3017,0.022300,no,2.00,1.720000,0,2026-06-30T22:10:51.944609Z,KXBRENTD-26JUN3017-T75.50,0,2.00,0.080000
KXBRENTD-26JUN3017,0.015900,no,1.00,0.750000,0,2026-06-30T22:10:51.944609Z,KXBRENTD-26JUN3017-T75,0,1.00,0.040000
KXBRENTD-26JUN3017,0.024100,no,1.00,0.720000,0,2026-06-30T22:10:51.944609Z,KXBRENTD-26JUN3017-T73.50,0,1.00,0.830000
KXBRENTD-26JUN3017,0.015900,no,2.00,1.740000,200,2026-06-30T22:10:51.944546Z,KXBRENTD-26JUN3017-T74.50,0,0.00,0.000000
KXBRENTD-26JUN3017,0.015300,no,1.00,0.680000,100,2026-06-30T22:10:51.944546Z,KXBRENTD-26JUN3017-T74,0,0.00,0.000000
KXBRENTD-26JUN3017,0.012600,yes,0.00,0.000000,200,2026-06-30T22:10:51.944546Z,KXBRENTD-26JUN3017-T73,100,2.00,1.800000
KXBRENTD-26JUN2517,0.269100,no,10.00,8.400000,0,2026-06-25T22:10:50.51113Z,KXBRENTD-26JUN2517-T76,0,10.00,5.000000
KXBRENTD-26JUN2517,0.262900,no,14.00,11.280000,0,2026-06-25T22:10:50.51113Z,KXBRENTD-26JUN2517-T75.50,0,14.00,7.180000
KXBRENTD-26JUN2517,0.525900,yes,17.00,12.010000,0,2026-06-25T22:10:50.51113Z,KXBRENTD-26JUN2517-T75,100,17.00,8.150000
KXBRENTD-26JUN2517,0.268700,yes,10.00,7.740000,0,2026-06-25T22:10:50.51113Z,KXBRENTD-26JUN2517-T74.50,100,10.00,3.980000
KXBRENTD-26JUN2517,0.295300,yes,10.00,6.940000,0,2026-06-25T22:10:50.51113Z,KXBRENTD-26JUN2517-T74,100,10.00,3.000000
KXBRENTD-26JUN2417,0.075700,no,6.30,4.914000,630,2026-06-24T22:51:03.198857Z,KXBRENTD-26JUN2417-T76,0,0.00,0.000000
KXBRENTD-26JUN2417,0.053500,no,3.97,2.937800,397,2026-06-24T22:51:03.198857Z,KXBRENTD-26JUN2417-T75.50,0,0.00,0.000000
KXBRENTD-26JUN2417,0.042700,no,6.00,5.313400,600,2026-06-24T22:51:03.198857Z,KXBRENTD-26JUN2417-T74,0,0.00,0.000000
KXBRENTD-26JUN2417,0.085900,no,3.00,0.720000,0,2026-06-24T22:51:03.198857Z,KXBRENTD-26JUN2417-T73.50,0,3.83,2.949100
KXBRENTD-26JUN2417,0.073700,yes,5.00,0.450000,68,2026-06-24T22:51:03.198857Z,KXBRENTD-26JUN2417-T73,100,5.68,4.941600
KXBRENTD-26JUN2317,0.038800,no,4.60,3.956000,460,2026-06-23T22:20:51.228356Z,KXBRENTD-26JUN2317-T77,0,0.00,0.000000
KXBRENTD-26JUN2317,0.028000,yes,0.00,0.000000,1038,2026-06-23T22:20:51.228356Z,KXBRENTD-26JUN2317-T76.50,100,10.38,9.964800
KXBRENTD-26JUN1817,0.189100,no,12.00,9.720000,0,2026-06-18T22:11:08.493263Z,KXBRENTD-26JUN1817-T80,0,12.00,2.710000
KXBRENTD-26JUN1817,0.041900,no,1.97,1.359300,97,2026-06-18T22:11:08.493133Z,KXBRENTD-26JUN1817-T79.50,0,1.00,0.230000
KXBRENTD-26JUN1817,0.029600,yes,0.00,0.000000,400,2026-06-18T22:11:08.493133Z,KXBRENTD-26JUN1817-T79,100,4.00,3.520000
KXBRENTD-26JUN1717,0.033500,no,1.00,0.630000,0,2026-06-17T22:11:13.540709Z,KXBRENTD-26JUN1717-T80,0,1.00,0.420000
KXBRENTD-26JUN1717,0.046500,yes,4.00,0.160000,0,2026-06-17T22:11:13.540709Z,KXBRENTD-26JUN1717-T78,100,4.00,3.400000
KXBRENTD-26JUN1717,0.083000,no,4.00,3.100000,200,2026-06-17T22:11:13.540551Z,KXBRENTD-26JUN1717-T81,0,2.00,1.140000
KXBRENTD-26JUN1717,0.072000,no,3.00,2.150000,100,2026-06-17T22:11:13.540551Z,KXBRENTD-26JUN1717-T80.50,0,2.00,1.360000
KXBRENTD-26JUN1717,0.091300,no,4.00,0.340000,0,2026-06-17T22:11:13.540551Z,KXBRENTD-26JUN1717-T79,0,6.00,4.740000
KXBRENTD-26JUN1717,0.070600,yes,3.00,0.180000,300,2026-06-17T22:11:13.540551Z,KXBRENTD-26JUN1717-T78.50,100,6.00,4.950000
KXBRENTD-26JUN1617,0.078600,yes,5.00,4.250000,0,2026-06-16T22:31:23.452595Z,KXBRENTD-26JUN1617-T79.50,100,5.00,3.300000
KXBRENTD-26JUN1617,0.076200,yes,0.00,0.000000,500,2026-06-16T22:31:23.452365Z,KXBRENTD-26JUN1617-T79,100,5.00,3.400000
KXBRENTD-26JUN1517,0.353300,no,20.00,17.100000,0,2026-06-15T22:11:03.451758Z,KXBRENTD-26JUN1517-T86,0,20.00,3.100000
KXBRENTD-26JUN1517,0.401800,no,23.00,18.840000,0,2026-06-15T22:11:03.451758Z,KXBRENTD-26JUN1517-T85.50,0,23.00,2.790000
KXBRENTD-26JUN1517,0.760100,no,32.00,22.414400,0,2026-06-15T22:11:03.451758Z,KXBRENTD-26JUN1517-T84,0,32.00,6.500000
KXBRENTD-26JUN1517,0.583400,no,20.00,15.600000,0,2026-06-15T22:11:03.451758Z,KXBRENTD-26JUN1517-T83.50,0,20.00,8.840000
KXBRENTD-26JUN1517,0.000000,yes,0.00,0.000000,0,2026-06-15T22:11:03.451758Z,KXBRENTD-26JUN1517-T83,100,0.00,0.000000
KXBRENTD-26JUN1517,0.481600,no,31.00,25.470000,1000,2026-06-15T22:11:03.451396Z,KXBRENTD-26JUN1517-T85,0,21.00,3.130000
KXBRENTD-26JUN1517,0.587100,no,29.00,22.800000,1000,2026-06-15T22:11:03.451396Z,KXBRENTD-26JUN1517-T84.50,0,19.00,5.261400
KXBRENTD-26JUN1117,0.032500,no,1.00,0.690000,0,2026-06-11T22:10:57.003194Z,KXBRENTD-26JUN1117-T94.50,0,1.00,0.530000
KXBRENTD-26JUN1117,0.046700,no,2.00,1.300000,0,2026-06-11T22:10:57.003194Z,KXBRENTD-26JUN1117-T94,0,2.00,0.240000
KXBRENTD-26JUN1117,0.137900,no,4.00,2.280000,0,2026-06-11T22:10:57.003194Z,KXBRENTD-26JUN1117-T93.50,0,4.00,1.900000
KXBRENTD-26JUN1117,0.135700,no,4.00,1.780000,0,2026-06-11T22:10:57.003194Z,KXBRENTD-26JUN1117-T93,0,4.00,2.400000
KXBRENTD-26JUN1117,0.237800,no,8.00,5.560000,0,2026-06-11T22:10:57.003194Z,KXBRENTD-26JUN1117-T92.50,0,8.00,5.280000
KXBRENTD-26JUN1117,0.063800,no,2.00,0.600000,0,2026-06-11T22:10:57.003194Z,KXBRENTD-26JUN1117-T92,0,2.00,1.140000
KXBRENTD-26JUN1117,0.038400,no,5.00,4.500000,0,2026-06-11T22:10:57.003194Z,KXBRENTD-26JUN1117-T91.50,0,5.00,0.100000
KXBRENTD-26JUN1117,0.067000,no,5.00,3.900000,0,2026-06-11T22:10:57.003194Z,KXBRENTD-26JUN1117-T91,0,5.00,0.100000
KXBRENTD-26JUN1117,0.168000,yes,5.00,3.000000,0,2026-06-11T22:10:57.003194Z,KXBRENTD-26JUN1117-T89,100,5.00,3.000000
KXBRENTD-26JUN1117,0.087500,yes,5.00,0.500000,0,2026-06-11T22:10:57.003194Z,KXBRENTD-26JUN1117-T88.50,100,5.00,4.000000
KXBRENTD-26JUN1017,0.423700,yes,15.00,11.400000,0,2026-06-10T22:21:04.57105Z,KXBRENTD-26JUN1017-T94,100,15.00,10.050000
KXBRENTD-26JUN1017,0.369900,yes,13.00,7.660000,0,2026-06-10T22:21:04.57105Z,KXBRENTD-26JUN1017-T93.50,100,13.00,9.170000
KXBRENTD-26JUN1017,0.117700,yes,4.00,2.160000,0,2026-06-10T22:21:04.57105Z,KXBRENTD-26JUN1017-T93,100,4.00,3.120000
KXBRENTD-26JUN1017,0.063900,no,5.00,3.800000,500,2026-06-10T22:21:04.57077Z,KXBRENTD-26JUN1017-T95,0,0.00,0.000000
KXBRENTD-26JUN1017,0.216700,yes,25.00,21.000000,0,2026-06-10T22:21:04.57077Z,KXBRENTD-26JUN1017-T94.50,100,0.00,0.000000
KXBRENTD-26JUN1017,0.138100,yes,0.00,0.000000,1500,2026-06-10T22:21:04.57077Z,KXBRENTD-26JUN1017-T92.50,100,15.00,12.668000
KXBRENTD-26JUN1017,0.033600,yes,0.00,0.000000,300,2026-06-10T22:21:04.57077Z,KXBRENTD-26JUN1017-T91.50,100,3.00,2.400000
KXBRENTD-26JUN1017,0.044700,yes,0.00,0.000000,500,2026-06-10T22:21:04.57077Z,KXBRENTD-26JUN1017-T91,100,5.00,4.250000
KXBRENTD-26JUN0917,0.384600,yes,13.00,8.650000,0,2026-06-09T22:21:04.516394Z,KXBRENTD-26JUN0917-T91.50,100,13.00,7.420000
KXBRENTD-26JUN0917,0.418800,yes,15.00,6.510000,0,2026-06-09T22:21:04.516394Z,KXBRENTD-26JUN0917-T90.00,100,15.00,12.100000
KXBRENTD-26JUN0917,0.231100,yes,10.00,3.400000,0,2026-06-09T22:21:04.516394Z,KXBRENTD-26JUN0917-T89.50,100,10.00,8.800000
KXBRENTD-26JUN0917,0.037000,no,5.00,4.400000,500,2026-06-09T22:21:04.516185Z,KXBRENTD-26JUN0917-T95,0,0.00,0.000000
KXBRENTD-26JUN0917,0.037700,no,4.00,3.360000,400,2026-06-09T22:21:04.516185Z,KXBRENTD-26JUN0917-T94.50,0,0.00,0.000000
KXBRENTD-26JUN0917,0.037200,no,3.00,2.310000,300,2026-06-09T22:21:04.516185Z,KXBRENTD-26JUN0917-T94,0,0.00,0.000000
KXBRENTD-26JUN0917,0.029400,no,2.00,1.400000,200,2026-06-09T22:21:04.516185Z,KXBRENTD-26JUN0917-T93.50,0,0.00,0.000000
KXBRENTD-26JUN0917,0.069300,no,8.00,6.840000,800,2026-06-09T22:21:04.516185Z,KXBRENTD-26JUN0917-T93,0,0.00,0.000000
KXBRENTD-26JUN0917,0.143500,no,12.00,9.323200,1200,2026-06-09T22:21:04.516185Z,KXBRENTD-26JUN0917-T92.50,0,0.00,0.000000
KXBRENTD-26JUN0917,0.277700,no,12.00,6.740000,600,2026-06-09T22:21:04.516185Z,KXBRENTD-26JUN0917-T92.00,0,6.00,2.580000
KXBRENTD-26JUN0917,0.311900,yes,8.00,5.430000,600,2026-06-09T22:21:04.516185Z,KXBRENTD-26JUN0917-T91.00,100,14.00,9.900000
KXBRENTD-26JUN0917,0.181400,yes,4.00,1.440000,800,2026-06-09T22:21:04.516185Z,KXBRENTD-26JUN0917-T90.50,100,12.00,10.000000
KXBRENTD-26JUN0817,0.039600,no,5.00,4.350000,500,2026-06-08T22:11:14.562143Z,KXBRENTD-26JUN0817-T97,0,0.00,0.000000
KXBRENTD-26JUN0817,0.041400,no,4.00,3.280000,400,2026-06-08T22:11:14.562143Z,KXBRENTD-26JUN0817-T96.50,0,0.00,0.000000
KXBRENTD-26JUN0817,0.038400,no,3.00,2.280000,300,2026-06-08T22:11:14.562143Z,KXBRENTD-26JUN0817-T96,0,0.00,0.000000
KXBRENTD-26JUN0817,0.099600,no,10.00,8.283400,1000,2026-06-08T22:11:14.562143Z,KXBRENTD-26JUN0817-T95.50,0,0.00,0.000000
KXBRENTD-26JUN0817,0.112000,yes,0.00,0.000000,1000,2026-06-08T22:11:14.562143Z,KXBRENTD-26JUN0817-T93.50,100,10.00,8.000000
KXBRENTD-26JUN0817,0.037200,yes,0.00,0.000000,300,2026-06-08T22:11:14.562143Z,KXBRENTD-26JUN0817-T93,100,3.00,2.310000
KXBRENTD-26JUN0817,0.043100,yes,0.00,0.000000,400,2026-06-08T22:11:14.562143Z,KXBRENTD-26JUN0817-T92.50,100,4.00,3.240000
KXBRENTD-26JUN0817,0.037000,yes,0.00,0.000000,500,2026-06-08T22:11:14.562143Z,KXBRENTD-26JUN0817-T92,100,5.00,4.400000
KXBRENTD-26JUN0417,0.061200,no,2.00,1.200000,0,2026-06-04T22:12:04.461816Z,KXBRENTD-26JUN0417-T95.50,0,2.00,1.460000
KXBRENTD-26JUN0417,0.083900,yes,3.00,1.290000,0,2026-06-04T22:12:04.461816Z,KXBRENTD-26JUN0417-T95,100,3.00,2.430000
KXBRENTD-26JUN0417,0.125500,yes,5.00,1.950000,0,2026-06-04T22:12:04.461816Z,KXBRENTD-26JUN0417-T94.50,100,5.00,4.300000
KXBRENTD-26JUN0417,0.034300,no,5.00,4.450000,500,2026-06-04T22:12:04.461518Z,KXBRENTD-26JUN0417-T98.50,0,0.00,0.000000
KXBRENTD-26JUN0417,0.032400,no,3.00,2.430000,300,2026-06-04T22:12:04.461518Z,KXBRENTD-26JUN0417-T98,0,0.00,0.000000
KXBRENTD-26JUN0417,0.028900,no,2.00,1.420000,200,2026-06-04T22:12:04.461518Z,KXBRENTD-26JUN0417-T97.50,0,0.00,0.000000
KXBRENTD-26JUN0417,0.023300,no,2.00,1.580000,200,2026-06-04T22:12:04.461518Z,KXBRENTD-26JUN0417-T97,0,0.00,0.000000
KXBRENTD-26JUN0417,0.039600,no,4.00,3.320000,400,2026-06-04T22:12:04.461518Z,KXBRENTD-26JUN0417-T96.50,0,0.00,0.000000
KXBRENTD-26JUN0417,0.125800,no,9.00,6.430000,900,2026-06-04T22:12:04.461518Z,KXBRENTD-26JUN0417-T96,0,0.00,0.000000
KXBRENTD-26JUN0417,0.029400,yes,0.00,0.000000,200,2026-06-04T22:12:04.461518Z,KXBRENTD-26JUN0417-T94,100,2.00,1.400000
KXBRENTD-26JUN0417,0.046500,yes,0.00,0.000000,300,2026-06-04T22:12:04.461518Z,KXBRENTD-26JUN0417-T93.50,100,3.00,2.010000
KXBRENTD-26JUN0317,0.105600,no,4.00,3.320000,0,2026-06-03T22:11:26.479568Z,KXBRENTD-26JUN0317-T99.50,0,4.00,1.520000
KXBRENTD-26JUN0317,0.135000,no,4.00,2.360000,0,2026-06-03T22:11:26.479568Z,KXBRENTD-26JUN0317-T98.50,0,4.00,1.600000
KXBRENTD-26JUN0317,0.122300,yes,4.00,1.440000,0,2026-06-03T22:11:26.479568Z,KXBRENTD-26JUN0317-T97.50,100,4.00,2.840000
KXBRENTD-26JUN0317,0.101600,no,5.00,4.350000,0,2026-06-03T22:11:26.479568Z,KXBRENTD-26JUN0317-T100.50,0,5.00,1.150000
KXBRENTD-26JUN0317,0.163000,no,9.00,6.960000,600,2026-06-03T22:11:26.479108Z,KXBRENTD-26JUN0317-T99.00,0,3.00,1.440000
KXBRENTD-26JUN0317,0.058100,yes,0.00,0.000000,500,2026-06-03T22:11:26.479108Z,KXBRENTD-26JUN0317-T97,100,5.00,3.950000
KXBRENTD-26JUN0317,0.049400,yes,0.00,0.000000,500,2026-06-03T22:11:26.479108Z,KXBRENTD-26JUN0317-T96.50,100,5.00,4.150000
KXBRENTD-26JUN0317,0.034900,yes,0.00,0.000000,300,2026-06-03T22:11:26.479108Z,KXBRENTD-26JUN0317-T95,100,3.00,2.370000
KXBRENTD-26JUN0317,0.037700,yes,0.00,0.000000,400,2026-06-03T22:11:26.479108Z,KXBRENTD-26JUN0317-T94.50,100,4.00,3.360000
KXBRENTD-26JUN0317,0.037000,yes,0.00,0.000000,500,2026-06-03T22:11:26.479108Z,KXBRENTD-26JUN0317-T94,100,5.00,4.400000
KXBRENTD-26JUN0217,0.052100,no,3.00,2.610000,0,2026-06-02T22:21:35.918719Z,KXBRENTD-26JUN0217-T97,0,3.00,0.480000
KXBRENTD-26JUN0217,0.070800,yes,5.00,0.100000,0,2026-06-02T22:21:35.918719Z,KXBRENTD-26JUN0217-T94,100,5.00,3.800000
KXBRENTD-26JUN0217,0.057900,yes,5.00,0.088900,0,2026-06-02T22:21:35.918719Z,KXBRENTD-26JUN0217-T93.50,100,5.00,4.100000
KXHORMUZNORM-26MAR17,2.540000,no,86.00,63.030000,0,2026-06-02T15:34:11.829197Z,KXHORMUZNORM-26MAR17-B260601,0,86.00,29.240000
KXWTI-26JUN0114,0.109500,yes,5.00,3.900000,0,2026-06-02T04:01:51.832113Z,KXWTI-26JUN0114-T91.99,100,5.00,4.150000
KXWTI-26JUN0114,0.106400,yes,5.00,3.450000,0,2026-06-02T04:01:51.832113Z,KXWTI-26JUN0114-T90.99,100,5.00,4.500000
KXWTI-26JUN0114,0.068900,yes,5.00,0.100000,0,2026-06-02T04:01:51.832113Z,KXWTI-26JUN0114-T87.99,100,5.00,3.850000
KXWTI-26JUN0114,0.057400,yes,5.00,0.050000,0,2026-06-02T04:01:51.832113Z,KXWTI-26JUN0114-T86.99,100,5.00,4.050000
KXBRENTD-26JUN0117,0.149700,no,5.00,3.200000,0,2026-06-01T22:11:31.839035Z,KXBRENTD-26JUN0117-T96.50,0,5.00,3.650000
KXBRENTD-26JUN0117,0.109600,yes,5.00,3.700000,0,2026-06-01T22:11:31.839035Z,KXBRENTD-26JUN0117-T95,100,5.00,4.300000
KXBRENTD-26JUN0117,0.291000,yes,10.00,4.800000,0,2026-06-01T22:11:31.839035Z,KXBRENTD-26JUN0117-T94.50,100,10.00,7.900000
KXBRENTD-26JUN0117,0.076800,yes,5.00,0.250000,0,2026-06-01T22:11:31.839035Z,KXBRENTD-26JUN0117-T91,100,5.00,3.900000
KXBRENTD-26JUN0117,0.066200,yes,5.00,0.150000,0,2026-06-01T22:11:31.839035Z,KXBRENTD-26JUN0117-T90.50,100,5.00,4.000000
KXBRENTD-26JUN0117,0.087200,no,5.00,2.650000,500,2026-06-01T22:11:31.838457Z,KXBRENTD-26JUN0117-T97.50,0,0.00,0.000000
KXBRENTD-26JUN0117,0.120700,no,10.00,7.789500,1000,2026-06-01T22:11:31.838457Z,KXBRENTD-26JUN0117-T97,0,0.00,0.000000
KXBRENTD-26JUN0117,0.224600,no,15.00,11.020000,1000,2026-06-01T22:11:31.838457Z,KXBRENTD-26JUN0117-T96,0,5.00,4.100000
KXBRENTD-26JUN0117,0.168500,no,10.00,7.800000,500,2026-06-01T22:11:31.838457Z,KXBRENTD-26JUN0117-T95.50,0,5.00,4.150000
KXGOLDD-26JUN0117,0.035700,no,2.00,1.820000,0,2026-06-01T22:11:21.87571Z,KXGOLDD-26JUN0117-T4501,0,2.00,1.560000
KXGOLDD-26JUN0117,0.043100,no,2.00,1.580000,0,2026-06-01T22:11:21.87571Z,KXGOLDD-26JUN0117-T4491,0,2.00,1.660000
KXGOLDD-26JUN0117,0.013800,no,2.00,1.780000,200,2026-06-01T22:11:21.875283Z,KXGOLDD-26JUN0117-T4591,0,0.00,0.000000
KXGOLDD-26JUN0117,0.024100,no,2.00,1.560000,200,2026-06-01T22:11:21.875283Z,KXGOLDD-26JUN0117-T4581,0,0.00,0.000000
KXGOLDD-26JUN0117,0.014900,no,2.00,1.760000,200,2026-06-01T22:11:21.875283Z,KXGOLDD-26JUN0117-T4551,0,0.00,0.000000
KXGOLDD-26JUN0117,0.031000,no,2.00,1.340000,200,2026-06-01T22:11:21.875283Z,KXGOLDD-26JUN0117-T4521,0,0.00,0.000000
KXGOLDD-26JUN0117,0.034900,no,2.00,1.060000,200,2026-06-01T22:11:21.875283Z,KXGOLDD-26JUN0117-T4511,0,0.00,0.000000
KXGOLDMON-26MAY2917,0.060000,no,4.00,2.880000,0,2026-06-01T18:52:47.46812Z,KXGOLDMON-26MAY2917-T4853.99,0,4.00,0.600000
KXGOLDMON-26MAY2917,0.091300,yes,3.00,1.858700,0,2026-06-01T18:52:47.46812Z,KXGOLDMON-26MAY2917-T4533.99,100,3.00,2.250000
KXGABBARDOUT-26,0.050000,no,10.00,9.670000,0,2026-06-01T14:48:20.620473Z,KXGABBARDOUT-26-JUN01,0,10.00,0.170000
KXBRENTW-26MAY2917,0.154700,no,5.00,2.950000,0,2026-05-29T22:41:30.625156Z,KXBRENTW-26MAY2917-T92.99,0,5.00,3.650000
KXBRENTW-26MAY2917,0.135800,yes,5.00,2.850000,0,2026-05-29T22:41:30.625156Z,KXBRENTW-26MAY2917-T90.99,100,5.00,4.150000
KXBRENTW-26MAY2917,0.070000,no,5.00,3.650000,500,2026-05-29T22:41:30.624773Z,KXBRENTW-26MAY2917-T98.99,0,0.00,0.000000
KXBRENTW-26MAY2917,0.034300,no,5.00,4.450000,500,2026-05-29T22:41:30.624773Z,KXBRENTW-26MAY2917-T96.99,0,0.00,0.000000
KXBRENTW-26MAY2917,0.090000,no,5.00,3.100000,500,2026-05-29T22:41:30.624773Z,KXBRENTW-26MAY2917-T94.99,0,0.00,0.000000
KXBRENTW-26MAY2917,0.050000,no,5.00,4.150000,500,2026-05-29T22:41:30.624773Z,KXBRENTW-26MAY2917-T100.99,0,0.00,0.000000
KXWTI-26MAY2714,0.120000,no,5.00,4.500000,0,2026-05-28T18:03:47.22217Z,KXWTI-26MAY2714-T90.99,0,5.00,3.500000
KXWTI-26MAY2714,0.220000,no,10.00,8.000000,0,2026-05-28T18:03:47.22217Z,KXWTI-26MAY2714-T89.99,0,10.00,8.400000
KXWTI-26MAY2714,0.050000,no,5.00,4.200000,500,2026-05-28T18:03:47.221985Z,KXWTI-26MAY2714-T94.99,0,0.00,0.000000
KXWTI-26MAY2714,0.066600,no,5.00,3.823400,500,2026-05-28T18:03:47.221985Z,KXWTI-26MAY2714-T93.99,0,0.00,0.000000
KXWTI-26MAY2714,0.220000,no,10.00,7.400000,500,2026-05-28T18:03:47.221985Z,KXWTI-26MAY2714-T91.99,0,5.00,1.650000
KXBRENTD-26MAY2717,0.310000,no,10.00,7.500000,0,2026-05-27T23:01:24.659836Z,KXBRENTD-26MAY2717-T94,0,10.00,3.700000
KXBRENTD-26MAY2717,0.070000,no,5.00,3.850000,500,2026-05-27T23:01:24.659065Z,KXBRENTD-26MAY2717-T96,0,0.00,0.000000
KXBRENTD-26MAY2717,0.130100,no,7.73,4.869900,773,2026-05-27T23:01:24.659065Z,KXBRENTD-26MAY2717-T93.50,0,0.00,0.000000
KXBRENTD-26MAY2717,0.070000,no,0.00,0.000000,0,2026-05-27T23:01:24.659065Z,KXBRENTD-26MAY2717-T93,0,5.00,3.850000
KXBRENTD-26MAY2717,0.140000,yes,0.00,0.000000,1000,2026-05-27T23:01:24.659065Z,KXBRENTD-26MAY2717-T92,100,10.00,7.400000
KXWTI-26MAY2614,0.640000,no,22.00,16.060000,0,2026-05-27T16:02:11.580286Z,KXWTI-26MAY2614-T93.99,0,22.00,6.520000
KXWTI-26MAY2614,0.330000,yes,10.00,7.000000,0,2026-05-27T16:02:11.580286Z,KXWTI-26MAY2614-T91.99,100,10.00,5.200000
KXWTI-26MAY2614,0.160000,yes,10.00,0.100000,0,2026-05-27T16:02:11.580286Z,KXWTI-26MAY2614-T89.99,100,10.00,7.000000
KXWTI-26MAY2614,0.690000,yes,30.00,6.000000,0,2026-05-27T16:02:11.580286Z,KXWTI-26MAY2614-T88.99,100,30.00,22.200000
KXBRENTD-26MAY2117,0.060000,yes,3.00,0.270000,0,2026-05-21T22:12:11.614699Z,KXBRENTD-26MAY2117-T99.50,100,3.00,2.250000
KXBRENTD-26MAY2117,0.030000,no,2.00,1.540000,0,2026-05-21T22:12:11.614699Z,KXBRENTD-26MAY2117-T107,0,2.00,0.140000
KXBRENTD-26MAY2117,0.040000,no,2.00,1.640000,0,2026-05-21T22:12:11.614699Z,KXBRENTD-26MAY2117-T106,0,2.00,0.080000
KXBRENTD-26MAY2117,0.040000,no,2.00,1.500000,0,2026-05-21T22:12:11.614699Z,KXBRENTD-26MAY2117-T105.50,0,2.00,0.700000
KXBRENTD-26MAY2117,0.070000,no,2.00,0.940000,0,2026-05-21T22:12:11.614699Z,KXBRENTD-26MAY2117-T103.50,0,2.00,1.560000
KXBRENTD-26MAY2117,0.060000,no,2.00,1.600000,0,2026-05-21T22:12:11.614699Z,KXBRENTD-26MAY2117-T102.50,0,2.00,1.480000
KXBRENTD-26MAY2117,0.030000,no,2.00,1.420000,0,2026-05-21T22:12:11.614699Z,KXBRENTD-26MAY2117-T102.00,0,2.00,1.440000
KXBRENTD-26MAY2117,0.210000,yes,7.00,5.530000,0,2026-05-21T22:12:11.614699Z,KXBRENTD-26MAY2117-T101.00,100,7.00,4.480000
KXBRENTD-26MAY2117,0.160000,yes,7.00,1.190000,0,2026-05-21T22:12:11.614699Z,KXBRENTD-26MAY2117-T100.00,100,7.00,5.320000
KXKY4R-26,0.623400,yes,17.61,8.981100,0,2026-05-20T00:26:31.76649Z,KXKY4R-26-EGAL,100,17.61,9.685500
KXKY4R-26,0.322200,no,0.00,0.000000,0,2026-05-20T00:26:31.761885Z,KXKY4R-26-TMAS,0,118.26,49.677800
KXWTI-26MAY14,0.020000,yes,0.00,0.000000,100,2026-05-15T15:04:01.589343Z,KXWTI-26MAY14-T99.99,100,1.00,0.770000
KXBRENTD-26MAY1417,0.020000,no,1.00,0.840000,0,2026-05-14T22:11:11.826223Z,KXBRENTD-26MAY1417-T107,0,1.00,0.030000
KXBRENTD-26MAY1417,0.020000,yes,1.00,0.740000,0,2026-05-14T22:11:11.826223Z,KXBRENTD-26MAY1417-T106.50,100,1.00,0.250000
KXBRENTD-26MAY1417,0.040000,yes,1.00,0.720000,0,2026-05-14T22:11:11.826223Z,KXBRENTD-26MAY1417-T106,100,1.00,0.540000
KXBRENTD-26MAY1417,0.040000,yes,1.00,0.740000,0,2026-05-14T22:11:11.826223Z,KXBRENTD-26MAY1417-T105.50,100,1.00,0.500000
KXBRENTD-26MAY1417,0.030000,yes,1.00,0.030000,0,2026-05-14T22:11:11.826223Z,KXBRENTD-26MAY1417-T104.50,100,1.00,0.780000
KXBRENTD-26MAY1417,0.040000,yes,1.00,0.360000,0,2026-05-14T22:11:11.826223Z,KXBRENTD-26MAY1417-T104,100,1.00,0.750000
KXGOLDD-26MAY1417,0.030000,no,1.00,0.770000,0,2026-05-14T22:11:01.717886Z,KXGOLDD-26MAY1417-T4738,0,1.00,0.010000
KXGOLDD-26MAY1417,0.020000,no,1.00,0.770000,0,2026-05-14T22:11:01.717886Z,KXGOLDD-26MAY1417-T4728,0,1.00,0.050000
KXGOLDD-26MAY1417,0.040000,no,1.00,0.360000,0,2026-05-14T22:11:01.717886Z,KXGOLDD-26MAY1417-T4678,0,1.00,0.760000
KXGOLDD-26MAY1417,0.050000,no,2.00,1.900000,0,2026-05-14T22:11:01.717886Z,KXGOLDD-26MAY1417-T4658,0,2.00,1.290000
KXGOLDD-26MAY1417,0.010000,yes,0.00,0.000000,100,2026-05-14T22:11:01.717755Z,KXGOLDD-26MAY1417-T4648,100,1.00,0.860000
KXBRENTD-26MAY1217,0.270000,no,10.00,2.600000,0,2026-05-12T22:11:45.152147Z,KXBRENTD-26MAY1217-T107.50,0,10.00,7.600000
KXWTI-26MAY11,0.130000,yes,0.00,0.000000,1000,2026-05-12T01:01:35.244868Z,KXWTI-26MAY11-T97.99,100,10.00,7.700000
KXBRENTD-26MAY1117,0.080000,yes,4.00,0.120000,0,2026-05-11T22:13:05.915558Z,KXBRENTD-26MAY1117-T97.50,100,4.00,2.810000
KXBRENTD-26MAY1117,0.030000,yes,1.00,0.360000,0,2026-05-11T22:13:05.915558Z,KXBRENTD-26MAY1117-T97,100,1.00,0.980000
KXBRENTD-26MAY1117,0.060000,yes,3.00,0.780000,0,2026-05-11T22:13:05.915558Z,KXBRENTD-26MAY1117-T95,100,3.00,2.940000
KXBRENTD-26MAY1117,0.100000,no,3.00,2.040000,0,2026-05-11T22:13:05.915558Z,KXBRENTD-26MAY1117-T104.50,0,3.00,0.960000
KXBRENTD-26MAY1117,0.040000,yes,1.00,0.280000,0,2026-05-11T22:13:05.915558Z,KXBRENTD-26MAY1117-T103,100,1.00,0.420000
KXBRENTD-26MAY1117,0.130000,yes,4.00,2.520000,0,2026-05-11T22:13:05.915558Z,KXBRENTD-26MAY1117-T102.50,100,4.00,3.000000
KXWTI-26MAY08,0.020000,no,1.00,0.750000,0,2026-05-09T19:32:36.971359Z,KXWTI-26MAY08-T99.99,0,1.00,0.150000
KXWTI-26MAY08,0.060000,no,2.00,1.840000,0,2026-05-09T19:32:36.971359Z,KXWTI-26MAY08-T98.99,0,2.00,0.820000
KXWTI-26MAY08,0.060000,no,2.00,1.760000,0,2026-05-09T19:32:36.971359Z,KXWTI-26MAY08-T97.99,0,2.00,0.980000
KXWTI-26MAY08,0.070000,no,4.00,2.540000,0,2026-05-09T19:32:36.971359Z,KXWTI-26MAY08-T96.99,0,4.00,0.840000
KXWTI-26MAY08,0.090000,no,3.00,2.580000,0,2026-05-09T19:32:36.971359Z,KXWTI-26MAY08-T95.99,0,3.00,1.930000
KXWTI-26MAY08,0.090000,yes,3.00,1.180000,0,2026-05-09T19:32:36.971359Z,KXWTI-26MAY08-T94.99,100,3.00,2.220000
KXWTI-26MAY08,0.030000,yes,2.00,0.380000,0,2026-05-09T19:32:36.971359Z,KXWTI-26MAY08-T93.99,100,2.00,1.200000
KXWTI-26MAY08,0.020000,yes,1.00,0.050000,0,2026-05-09T19:32:36.971359Z,KXWTI-26MAY08-T92.99,100,1.00,0.790000
KXWTI-26MAY08,0.030000,yes,1.00,0.180000,0,2026-05-09T19:32:36.971359Z,KXWTI-26MAY08-T91.99,100,1.00,0.950000
KXWTI-26MAY08,0.030000,no,2.00,1.940000,0,2026-05-09T19:32:36.971359Z,KXWTI-26MAY08-T101.99,0,2.00,0.400000
KXWTIW-26MAY08,0.010000,no,1.00,0.800000,0,2026-05-09T19:31:41.7759Z,KXWTIW-26MAY08-B96.5,0,1.00,0.120000
KXWTI-26MAY07,0.090000,yes,5.00,3.750000,0,2026-05-08T02:02:24.983293Z,KXWTI-26MAY07-T91.99,100,5.00,2.650000
KXWTI-26MAY07,0.040000,yes,2.00,0.020000,0,2026-05-08T02:02:24.983293Z,KXWTI-26MAY07-T88.99,100,2.00,1.620000
KXBRENTD-26MAY0717,0.150000,yes,5.00,1.700000,0,2026-05-07T22:35:08.457372Z,KXBRENTD-26MAY0717-T99,100,5.00,3.800000
KXBRENTD-26MAY0717,0.060000,yes,2.00,1.580000,0,2026-05-07T22:35:08.457372Z,KXBRENTD-26MAY0717-T98.50,100,2.00,1.580000
KXBRENTD-26MAY0717,0.000000,yes,0.00,0.000000,0,2026-05-07T22:35:08.457372Z,KXBRENTD-26MAY0717-T98.00,100,0.00,0.000000
KXBRENTD-26MAY0717,0.060000,yes,3.00,0.090000,0,2026-05-07T22:35:08.457372Z,KXBRENTD-26MAY0717-T95.50,100,3.00,2.130000
KXBRENTD-26MAY0717,0.000000,yes,0.00,0.000000,0,2026-05-07T22:35:08.457372Z,KXBRENTD-26MAY0717-T95.00,100,0.00,0.000000
KXBRENTD-26MAY0717,0.130000,yes,5.00,4.450000,0,2026-05-07T22:35:08.457372Z,KXBRENTD-26MAY0717-T102.50,100,5.00,2.000000
KXBRENTD-26MAY0717,0.223200,yes,8.00,6.596800,0,2026-05-07T22:35:08.457372Z,KXBRENTD-26MAY0717-T102,100,8.00,3.760000
KXBRENTD-26MAY0717,0.188800,yes,8.00,3.590000,0,2026-05-07T22:35:08.457372Z,KXBRENTD-26MAY0717-T101.50,100,8.00,4.871200
KXBRENTD-26MAY0717,0.423200,yes,18.00,6.598200,0,2026-05-07T22:35:08.457372Z,KXBRENTD-26MAY0717-T101,100,18.00,12.198600
KXBRENTD-26MAY0717,0.060000,yes,3.00,0.900000,0,2026-05-07T22:35:08.457372Z,KXBRENTD-26MAY0717-T100.50,100,3.00,2.100000
KXBRENTD-26MAY0717,0.160000,yes,8.00,4.520000,0,2026-05-07T22:35:08.457372Z,KXBRENTD-26MAY0717-T100,100,8.00,4.830000
KXWTI-26MAY06,0.160000,no,5.00,3.800000,0,2026-05-07T02:02:10.595005Z,KXWTI-26MAY06-T96.99,0,5.00,2.150000
KXWTI-26MAY06,0.080000,yes,5.00,3.750000,0,2026-05-07T02:02:10.595005Z,KXWTI-26MAY06-T92.99,100,5.00,3.550000
KXWTI-26MAY06,0.080000,yes,5.00,0.100000,0,2026-05-07T02:02:10.595005Z,KXWTI-26MAY06-T88.99,100,5.00,3.650000
KXWTI-26MAY06,0.000000,no,0.00,0.000000,0,2026-05-07T02:02:10.595005Z,KXWTI-26MAY06-T104.99,0,0.00,0.000000
KXWTI-26MAY06,0.080000,no,5.00,3.600000,0,2026-05-07T02:02:10.595005Z,KXWTI-26MAY06-T102.99,0,5.00,0.150000
KXWTI-26MAY06,0.000000,no,0.00,0.000000,0,2026-05-07T02:02:10.595005Z,KXWTI-26MAY06-T100.99,0,0.00,0.000000
KXWTI-26MAY06,0.240000,no,10.00,6.350000,500,2026-05-07T02:02:10.594222Z,KXWTI-26MAY06-T98.99,0,5.00,3.550000
KXBRENTD-26MAY0617,0.090000,no,5.00,3.650000,0,2026-05-06T22:11:31.514417Z,KXBRENTD-26MAY0617-T104.50,0,5.00,1.900000
KXBRENTD-26MAY0617,0.150000,no,5.00,3.700000,0,2026-05-06T22:11:31.514417Z,KXBRENTD-26MAY0617-T103.00,0,5.00,1.600000
KXBRENTD-26MAY0617,0.260300,no,10.00,7.498700,0,2026-05-06T22:11:31.514417Z,KXBRENTD-26MAY0617-T102.50,0,10.00,2.641000
KXBRENTD-26MAY0617,0.882400,yes,30.00,21.470000,0,2026-05-06T22:11:31.514417Z,KXBRENTD-26MAY0617-T102.00,100,30.00,8.967600
KXBRENTD-26MAY0617,0.160000,yes,5.00,2.180000,0,2026-05-06T22:11:31.514417Z,KXBRENTD-26MAY0617-T101.50,100,5.00,3.700000
KXBRENTD-26MAY0617,0.151400,yes,5.00,1.788600,0,2026-05-06T22:11:31.514417Z,KXBRENTD-26MAY0617-T101.00,100,5.00,3.810000
KXBRENTD-26MAY0617,0.153900,yes,5.00,1.896100,0,2026-05-06T22:11:31.514417Z,KXBRENTD-26MAY0617-T100.50,100,5.00,3.850000
KXBRENTD-26MAY0617,0.080000,no,5.00,3.600000,500,2026-05-06T22:11:31.514011Z,KXBRENTD-26MAY0617-T105.00,0,0.00,0.000000
KXBRENTD-26MAY0617,0.070000,no,5.00,3.900000,500,2026-05-06T22:11:31.514011Z,KXBRENTD-26MAY0617-T104.00,0,0.00,0.000000
KXBRENTD-26MAY0617,0.050000,yes,0.00,0.000000,500,2026-05-06T22:11:31.514011Z,KXBRENTD-26MAY0617-T100.00,100,5.00,4.250000
KXBRENTD-26MAY0517,0.070000,no,5.00,3.820000,0,2026-05-05T22:32:07.521857Z,KXBRENTD-26MAY0517-T114,0,5.00,0.340000
KXBRENTD-26MAY0517,0.020000,no,1.00,0.760000,0,2026-05-05T22:32:07.521857Z,KXBRENTD-26MAY0517-T113,0,1.00,0.050000
KXBRENTD-26MAY0517,0.160000,yes,5.00,2.360000,0,2026-05-05T22:32:07.521857Z,KXBRENTD-26MAY0517-T110.50,100,5.00,3.800000
KXBRENTD-26MAY0517,0.000000,yes,0.00,0.000000,0,2026-05-05T22:32:07.521857Z,KXBRENTD-26MAY0517-T109,100,0.00,0.000000
KXBRENTD-26MAY0517,0.070000,no,5.00,3.650000,500,2026-05-05T22:32:07.521489Z,KXBRENTD-26MAY0517-T112,0,0.00,0.000000
KXBRENTD-26MAY0517,0.070000,no,5.00,3.750000,500,2026-05-05T22:32:07.521489Z,KXBRENTD-26MAY0517-T111,0,0.00,0.000000
KXBRENTD-26MAY0517,0.070000,yes,0.00,0.000000,500,2026-05-05T22:32:07.521489Z,KXBRENTD-26MAY0517-T109.50,100,5.00,3.650000
KXBTC15M-26MAY051815,0.020600,no,0.00,0.000000,0,2026-05-05T22:15:11.505478Z,KXBTC15M-26MAY051815-15,0,1.18,0.979400
KXWTI-26MAY04,0.120000,yes,5.00,3.810000,0,2026-05-05T15:25:51.554755Z,KXWTI-26MAY04-T104.99,100,5.00,0.750000
KXWTI-26MAY04,0.170000,yes,5.00,3.450000,0,2026-05-05T15:25:51.554755Z,KXWTI-26MAY04-T103.99,100,5.00,2.800000
KXWTI-26MAY04,0.161200,yes,5.00,2.898800,0,2026-05-05T15:25:51.554755Z,KXWTI-26MAY04-T102.99,100,5.00,3.750000
KXBRENTD-26MAY0417,0.170000,no,5.00,3.450000,0,2026-05-04T22:21:31.525127Z,KXBRENTD-26MAY0417-T115,0,5.00,2.200000
KXBRENTD-26MAY0417,0.080000,no,2.00,1.200000,0,2026-05-04T22:21:31.525127Z,KXBRENTD-26MAY0417-T114.50,0,2.00,1.100000
KXBRENTD-26MAY0417,0.520000,no,15.00,9.230000,0,2026-05-04T22:21:31.525127Z,KXBRENTD-26MAY0417-T114,0,15.00,8.550000
KXBRENTD-26MAY0417,0.040000,yes,1.00,0.600000,0,2026-05-04T22:21:31.525127Z,KXBRENTD-26MAY0417-T113.50,100,1.00,0.500000
KXBRENTD-26MAY0417,0.000000,yes,0.00,0.000000,0,2026-05-04T22:21:31.525127Z,KXBRENTD-26MAY0417-T113,100,0.00,0.000000
KXBRENTD-26MAY0417,0.110000,yes,3.00,2.070000,0,2026-05-04T22:21:31.525127Z,KXBRENTD-26MAY0417-T112,100,3.00,1.480000
KXBRENTD-26MAY0417,0.326800,yes,9.56,5.314800,0,2026-05-04T22:21:31.525127Z,KXBRENTD-26MAY0417-T110,100,9.56,7.018400
KXBRENTD-26MAY0417,0.060000,yes,3.00,0.320000,0,2026-05-04T22:21:31.525127Z,KXBRENTD-26MAY0417-T109,100,3.00,2.250000
KXBRENTD-26MAY0417,0.240000,yes,10.00,1.480000,0,2026-05-04T22:21:31.525127Z,KXBRENTD-26MAY0417-T107,100,10.00,7.300000
KXBRENTD-26MAY0417,0.080000,yes,0.00,0.000000,500,2026-05-04T22:21:31.524395Z,KXBRENTD-26MAY0417-T111.50,100,5.00,3.500000
KXGOLDD-26MAY0417,0.100000,no,5.00,4.300000,0,2026-05-04T22:11:31.500096Z,KXGOLDD-26MAY0417-T4690,0,5.00,0.420000
KXGOLDD-26MAY0417,0.100000,no,4.00,2.920000,0,2026-05-04T22:11:31.500096Z,KXGOLDD-26MAY0417-T4670,0,4.00,0.620000
KXGOLDD-26MAY0417,0.130000,no,5.00,3.400000,0,2026-05-04T22:11:31.500096Z,KXGOLDD-26MAY0417-T4650,0,5.00,0.600000
KXGOLDD-26MAY0417,0.260000,no,8.00,4.960000,0,2026-05-04T22:11:31.500096Z,KXGOLDD-26MAY0417-T4590,0,8.00,5.600000
KXGOLDD-26MAY0417,0.000000,yes,0.00,0.000000,0,2026-05-04T22:11:31.500096Z,KXGOLDD-26MAY0417-T4520,100,0.00,0.000000
KXGOLDD-26MAY0417,0.059400,yes,5.00,2.000000,0,2026-05-04T22:11:31.500096Z,KXGOLDD-26MAY0417-T4510,100,5.00,4.240600
KXGOLDD-26MAY0417,0.080000,no,5.00,3.450000,500,2026-05-04T22:11:31.499848Z,KXGOLDD-26MAY0417-T4540,0,0.00,0.000000
KXBRENTW-26MAY0117,0.300000,no,10.00,7.000000,0,2026-05-01T22:13:06.86687Z,KXBRENTW-26MAY0117-T109.99,0,10.00,7.200000
KXBRENTW-26MAY0117,0.160000,no,10.00,6.800000,1000,2026-05-01T22:13:06.866663Z,KXBRENTW-26MAY0117-T113.99,0,0.00,0.000000
KXWTI-26APR30,0.050000,no,3.00,2.370000,0,2026-05-01T14:02:16.779917Z,KXWTI-26APR30-T112.99,0,3.00,0.150000
KXWTI-26APR30,0.100000,no,5.00,3.600000,0,2026-05-01T14:02:16.779917Z,KXWTI-26APR30-T111.99,0,5.00,0.200000
KXWTI-26APR30,0.490000,no,18.00,8.920000,0,2026-05-01T14:02:16.779917Z,KXWTI-26APR30-T106.99,0,18.00,13.640000
KXWTI-26APR30,0.214000,no,8.00,5.200000,0,2026-05-01T14:02:16.779917Z,KXWTI-26APR30-T105.99,0,8.00,6.666000
KXWTI-26APR29,0.360000,yes,15.00,12.000000,0,2026-04-30T16:02:26.832453Z,KXWTI-26APR29-T101.99,100,15.00,11.550000
KXWTI-26APR29,0.240000,yes,10.00,6.780000,0,2026-04-30T16:02:26.832453Z,KXWTI-26APR29-T100.99,100,10.00,8.700000
KXWTI-26APR29,0.290000,yes,0.00,0.000000,2000,2026-04-30T16:02:26.831844Z,KXWTI-26APR29-T97.99,100,20.00,14.400000
KXWTI-26APR29,0.160000,yes,0.00,0.000000,1500,2026-04-30T16:02:26.831844Z,KXWTI-26APR29-T96.99,100,15.00,12.300000
KXWTI-26APR28,0.130000,yes,5.00,0.650000,0,2026-04-29T16:02:23.949751Z,KXWTI-26APR28-T95.99,100,5.00,3.040000
KXWTI-26APR28,0.320000,yes,15.00,1.350000,0,2026-04-29T16:02:23.949751Z,KXWTI-26APR28-T94.99,100,15.00,10.820000
KXWTI-26APR28,0.090000,yes,6.00,0.300000,0,2026-04-29T16:02:23.949751Z,KXWTI-26APR28-T93.99,100,6.00,4.880000
KXBRENTD-26APR2717,0.200000,yes,8.00,0.350000,0,2026-04-27T22:11:19.95165Z,KXBRENTD-26APR2717-T99.50,100,8.00,5.590000
KXBRENTD-26APR2717,0.210000,no,6.00,4.320000,0,2026-04-27T22:11:19.95165Z,KXBRENTD-26APR2717-T102.50,0,6.00,2.270000
KXBRENTD-26APR2717,0.270000,no,8.00,5.120000,0,2026-04-27T22:11:19.95165Z,KXBRENTD-26APR2717-T102,0,8.00,3.520000
KXGOLDD-26APR2717,0.520000,no,20.00,13.200000,0,2026-04-27T22:11:19.919174Z,KXGOLDD-26APR2717-T4732,0,20.00,4.100000
KXGOLDD-26APR2717,0.070000,no,2.00,1.180000,0,2026-04-27T22:11:19.919174Z,KXGOLDD-26APR2717-T4692,0,2.00,1.390000
KXBRENTW-26APR2417,0.060000,yes,10.00,3.010000,0,2026-04-24T22:21:39.935778Z,KXBRENTW-26APR2417-T97.99,100,10.00,7.900000
KXBRENTW-26APR2417,0.070000,no,4.00,3.640000,0,2026-04-24T22:21:39.935778Z,KXBRENTW-26APR2417-T109.99,0,4.00,0.120000
KXBRENTW-26APR2417,0.290000,no,14.00,11.570000,0,2026-04-24T22:21:39.935778Z,KXBRENTW-26APR2417-T105.99,0,14.00,0.440000
KXBRENTW-26APR2417,0.500000,no,19.00,12.160000,0,2026-04-24T22:21:39.935778Z,KXBRENTW-26APR2417-T103.99,0,19.00,0.570000
KXBRENTD-26APR2317,0.190000,yes,5.00,3.070000,0,2026-04-23T22:11:44.332111Z,KXBRENTD-26APR2317-T99,100,5.00,2.290000
KXBRENTD-26APR2317,0.040000,yes,1.00,0.510000,0,2026-04-23T22:11:44.332111Z,KXBRENTD-26APR2317-T98.50,100,1.00,0.790000
KXBRENTD-26APR2317,0.097700,yes,2.31,1.254300,0,2026-04-23T22:11:44.332111Z,KXBRENTD-26APR2317-T98,100,2.31,1.268000
KXBRENTD-26APR2317,0.160000,yes,5.00,2.160000,0,2026-04-23T22:11:44.332111Z,KXBRENTD-26APR2317-T97,100,5.00,4.000000
KXBRENTD-26APR2317,0.180000,yes,5.00,2.900000,0,2026-04-23T22:11:44.332111Z,KXBRENTD-26APR2317-T96.50,100,5.00,3.100000
KXBRENTD-26APR2317,0.150000,yes,8.00,0.920000,0,2026-04-23T22:11:44.332111Z,KXBRENTD-26APR2317-T96,100,8.00,6.640000
KXBRENTD-26APR2317,0.000000,yes,0.00,0.000000,0,2026-04-23T22:11:44.332111Z,KXBRENTD-26APR2317-T95.50,100,0.00,0.000000
KXBRENTD-26APR2317,0.200000,no,12.00,10.510000,0,2026-04-23T22:11:44.332111Z,KXBRENTD-26APR2317-T103.50,0,12.00,2.520000
KXBRENTD-26APR2317,0.040000,no,2.00,1.800000,0,2026-04-23T22:11:44.332111Z,KXBRENTD-26APR2317-T103,0,2.00,0.210000
KXBRENTD-26APR2317,0.680000,no,23.00,15.280000,0,2026-04-23T22:11:44.332111Z,KXBRENTD-26APR2317-T101,0,23.00,11.370000
KXBRENTD-26APR2317,0.210000,no,7.00,5.520000,0,2026-04-23T22:11:44.332111Z,KXBRENTD-26APR2317-T100.50,0,7.00,4.480000
KXBRENTD-26APR2317,0.140000,no,9.00,6.910000,600,2026-04-23T22:11:44.331686Z,KXBRENTD-26APR2317-T101.50,0,3.00,0.090000
KXBRENTD-26APR2317,0.110000,yes,4.00,2.900000,0,2026-04-23T22:11:44.331686Z,KXBRENTD-26APR2317-T100,100,3.00,1.310000
KXWTI-26APR22,0.100000,no,5.00,4.140000,0,2026-04-23T03:02:13.469834Z,KXWTI-26APR22-T93.99,0,5.00,0.600000
KXWTI-26APR22,0.130000,no,5.00,3.700000,0,2026-04-23T03:02:13.469834Z,KXWTI-26APR22-T92.99,0,5.00,1.000000
KXWTI-26APR22,0.130000,yes,5.00,1.000000,0,2026-04-23T03:02:13.469834Z,KXWTI-26APR22-T87.99,100,5.00,3.800000
KXWTI-26APR22,0.090000,yes,5.00,0.450000,0,2026-04-23T03:02:13.469834Z,KXWTI-26APR22-T86.99,100,5.00,4.050000
KXWTI-26APR22,0.080000,yes,5.00,0.350000,0,2026-04-23T03:02:13.469834Z,KXWTI-26APR22-T85.99,100,5.00,4.250000
KXBRENTD-26APR2217,0.050000,yes,3.00,0.150000,0,2026-04-22T22:11:43.049624Z,KXBRENTD-26APR2217-T99.50,100,3.00,2.460000
KXBRENTD-26APR2217,0.070000,yes,5.00,0.200000,0,2026-04-22T22:11:43.049624Z,KXBRENTD-26APR2217-T99,100,5.00,4.250000
KXBRENTD-26APR2217,0.030000,yes,5.00,0.240000,0,2026-04-22T22:11:43.049624Z,KXBRENTD-26APR2217-T98.50,100,5.00,4.450000
KXBRENTD-26APR2217,0.000000,yes,0.00,0.000000,0,2026-04-22T22:11:43.049624Z,KXBRENTD-26APR2217-T96,100,0.00,0.000000
KXBRENTD-26APR2217,0.100000,no,5.00,4.050000,0,2026-04-22T22:11:43.049624Z,KXBRENTD-26APR2217-T103.00,0,5.00,0.500000
KXBRENTD-26APR2217,0.080000,no,3.00,2.210000,0,2026-04-22T22:11:43.049624Z,KXBRENTD-26APR2217-T102.50,0,3.00,0.450000
KXGOLDD-26APR2217,0.010000,no,1.00,0.880000,100,2026-04-22T22:11:43.035032Z,KXGOLDD-26APR2217-T4770,0,0.00,0.000000
KXGOLDD-26APR2217,0.000000,no,4.00,2.520000,400,2026-04-22T22:11:43.035032Z,KXGOLDD-26APR2217-T4740,0,0.00,0.000000
KXWTI-26APR21,0.100000,no,5.00,3.900000,0,2026-04-22T02:03:03.753615Z,KXWTI-26APR21-T89.99,0,5.00,0.400000
KXWTI-26APR21,0.120000,yes,5.00,3.650000,0,2026-04-22T02:03:03.753615Z,KXWTI-26APR21-T88.99,100,5.00,0.750000
KXWTI-26APR21,0.120000,yes,5.00,0.600000,0,2026-04-22T02:03:03.753615Z,KXWTI-26APR21-T84.99,100,5.00,3.400000
KXWTI-26APR21,0.090000,yes,5.00,0.350000,0,2026-04-22T02:03:03.753615Z,KXWTI-26APR21-T83.99,100,5.00,4.100000
KXWTI-26APR20,0.250000,no,9.00,5.830000,0,2026-04-21T02:03:03.113331Z,KXWTI-26APR20-T88.99,0,9.00,4.930000
KXWTI-26APR20,0.180000,no,5.00,2.700000,0,2026-04-21T02:03:03.113331Z,KXWTI-26APR20-T87.99,0,5.00,3.200000
KXWTI-26APR20,0.000000,no,3.00,2.460000,300,2026-04-21T02:03:03.112676Z,KXWTI-26APR20-T91.99,0,0.00,0.000000
KXWTI-26APR20,0.030000,no,2.00,1.640000,200,2026-04-21T02:03:03.112676Z,KXWTI-26APR20-T90.99,0,0.00,0.000000
KXWTI-26APR20,0.100000,no,4.00,2.820000,200,2026-04-21T02:03:03.112676Z,KXWTI-26APR20-T89.99,0,2.00,0.680000
KXWTI-26APR20,0.260000,yes,7.00,2.870000,200,2026-04-21T02:03:03.112676Z,KXWTI-26APR20-T86.99,100,9.00,6.400000
KXWTI-26APR20,0.130000,yes,0.00,0.000000,900,2026-04-21T02:03:03.112676Z,KXWTI-26APR20-T85.99,100,9.00,6.900000
KXWTI-26APR20,0.050000,yes,0.00,0.000000,500,2026-04-21T02:03:03.112676Z,KXWTI-26APR20-T84.99,100,5.00,4.200000
KXBRENTW-26APR1717,0.150000,no,5.00,3.750000,0,2026-04-17T22:28:04.369015Z,KXBRENTW-26APR1717-T96.99,0,5.00,1.750000
KXBRENTW-26APR1717,0.190000,no,6.00,2.940000,0,2026-04-17T22:28:04.369015Z,KXBRENTW-26APR1717-T94.99,0,6.00,3.710000
KXBRENTW-26APR1717,0.030000,no,1.00,0.790000,0,2026-04-17T22:28:04.369015Z,KXBRENTW-26APR1717-T92.99,0,1.00,0.120000
KXBRENTD-26APR1617,0.070000,yes,7.00,5.950000,0,2026-04-16T22:31:14.320841Z,KXBRENTD-26APR1617-T97.50,100,0.00,0.000000
KXBRENTD-26APR1617,0.110000,yes,9.00,7.290000,0,2026-04-16T22:31:14.320841Z,KXBRENTD-26APR1617-T97,100,0.00,0.000000
KXWTI-26APR15,0.080000,no,6.00,5.400000,0,2026-04-16T04:02:20.008138Z,KXWTI-26APR15-T95.99,0,6.00,0.420000
KXWTI-26APR15,0.080000,no,5.00,4.050000,0,2026-04-16T04:02:20.008138Z,KXWTI-26APR15-T94.99,0,5.00,0.300000
KXWTI-26APR15,0.130000,no,5.00,3.650000,0,2026-04-16T04:02:20.008138Z,KXWTI-26APR15-T93.99,0,5.00,0.850000
KXVOTESAVEAMERICA-26MAR,3.070000,no,0.00,0.000000,0,2026-04-15T14:31:59.871535Z,KXVOTESAVEAMERICA-26MAR-APR15,0,198.00,98.830000
KXWTI-26APR14,0.090000,no,6.00,4.550000,0,2026-04-15T02:02:50.11623Z,KXWTI-26APR14-T99.99,0,6.00,0.060000
KXWTI-26APR14,0.410000,no,16.00,9.380000,0,2026-04-15T02:02:50.11623Z,KXWTI-26APR14-T94.99,0,16.00,5.450000
KXWTI-26APR14,0.180000,no,6.00,3.060000,0,2026-04-15T02:02:50.11623Z,KXWTI-26APR14-T93.99,0,6.00,4.740000
KXWTI-26APR14,0.130000,no,4.00,2.840000,0,2026-04-15T02:02:50.11623Z,KXWTI-26APR14-T92.99,0,4.00,1.520000
KXWTI-26APR14,0.110000,yes,6.00,0.600000,0,2026-04-15T02:02:50.11623Z,KXWTI-26APR14-T90.99,100,6.00,4.930000
KXWTI-26APR13,0.430000,no,0.00,0.000000,0,2026-04-14T03:01:50.088547Z,KXWTI-26APR13-T99.99,0,50.00,43.000000
KXWTIW-26APR10,0.085400,yes,0.00,0.000000,1114,2026-04-11T14:12:19.965524Z,KXWTIW-26APR10-T106.00,100,11.14,9.914600
KXBRENTW-26APR1017,0.210000,no,6.00,3.610000,0,2026-04-10T22:22:19.933321Z,KXBRENTW-26APR1017-T96.99,0,6.00,3.840000
KXBRENTW-26APR1017,0.320000,no,12.00,8.160000,0,2026-04-10T22:22:19.933321Z,KXBRENTW-26APR1017-T94.99,0,12.00,9.880000
KXBRENTW-26APR1017,0.107300,no,21.39,19.892700,2139,2026-04-10T22:22:19.93319Z,KXBRENTW-26APR1017-T104.99,0,0.00,0.000000
KXGOLDW-26APR1017,0.064800,no,10.81,9.935200,1081,2026-04-10T22:11:39.934687Z,KXGOLDW-26APR1017-T4856.99,0,0.00,0.000000
KXWTI-26APR09,1.010000,no,36.00,29.520000,0,2026-04-10T13:58:14.586233Z,KXWTI-26APR09-T101.99,0,36.00,16.920000
KXWTI-26APR08,0.110000,no,11.00,9.240000,1100,2026-04-09T02:13:12.486443Z,KXWTI-26APR08-T99.99,0,0.00,0.000000
KXWTI-26APR08,0.090000,no,16.00,14.650000,1600,2026-04-09T02:13:12.486443Z,KXWTI-26APR08-T101.99,0,0.00,0.000000
KXWTI-26APR07,0.130000,no,12.00,9.720000,1200,2026-04-08T03:10:32.47922Z,KXWTI-26APR07-T117.99,0,0.00,0.000000
KXBRENTD-26APR0717,0.180000,no,13.00,9.750000,1300,2026-04-07T22:16:42.351483Z,KXBRENTD-26APR0717-T112.50,0,0.00,0.000000
KXGOLDD-26APR0717,0.080000,no,9.00,7.830000,900,2026-04-07T22:16:42.33876Z,KXGOLDD-26APR0717-T4707,0,0.00,0.000000
KXBRENTD-26APR0617,0.250000,no,15.00,9.360000,1500,2026-04-06T22:11:51.353017Z,KXBRENTD-26APR0617-T113,0,0.00,0.000000
KXBRENTD-26APR0518,0.250000,no,18.00,13.320000,1800,2026-04-06T00:54:36.74111Z,KXBRENTD-26APR0518-T113.50,0,0.00,0.000000
KXBRENTD-26APR0518,0.200000,no,0.00,0.000000,0,2026-04-06T00:54:36.74111Z,KXBRENTD-26APR0518-T112.50,0,11.00,5.390000
KXWTI-26APR02,0.380000,no,19.00,14.480000,500,2026-04-03T14:33:23.511641Z,KXWTI-26APR02-T112.99,0,14.00,2.100000
KXTRUMPMENTION-26APR01,1.320000,no,76.00,33.440000,7600,2026-04-02T02:09:37.901667Z,KXTRUMPMENTION-26APR01-SUPRL,0,0.00,0.000000
KXTRUMPMENTION-26APR01,1.400000,no,0.00,0.000000,0,2026-04-02T02:08:38.895166Z,KXTRUMPMENTION-26APR01-CEAS,0,80.00,43.200000
KXTRUMPMENTION-26APR01,0.650000,no,0.00,0.000000,0,2026-04-02T02:06:57.951971Z,KXTRUMPMENTION-26APR01-HEGS,0,37.00,18.870000
KXVOTESAVEAMERICA-26MAR,0.150000,no,35.00,32.550000,3500,2026-03-27T14:50:07.86963Z,KXVOTESAVEAMERICA-26MAR-MAR27,0,0.00,0.000000
